"country","continent","lifeExp","pop","gdpPercap"
"181","1",65,181,974.5803384
"315","2",65.423,315,5937.029526
"264","3",65.301,264,6223.367465
"149","4",65.731,149,4797.231267
"102","5",75.32,102,12779.37964
"74","6",75.235,74,34435.36744
"44","7",75.829,44,36126.4927
"30","8",60.635,30,29796.04834
"15","9",60.062,15,1391.253792
"3","10",60.441,3,33692.60508
"4","11",55.728,4,1441.284873
"2","12",55.554,2,3822.137084

