"country","continent","lifeExp","pop","gdpPercap"
"1","1",43.828,181,974.5803384
"2","2",76.423,315,5937.029526
"3","3",72.301,264,6223.367465
"4","4",42.731,149,4797.231267
"5","5",75.32,102,12779.37964
"6","6",81.235,74,34435.36744
"7","7",79.829,44,36126.4927
"8","8",75.635,30,29796.04834
"9","9",64.062,15,1391.253792
"10","10",79.441,3,33692.60508
"11","11",56.728,4,1441.284873
"12","12",65.554,2,3822.137084

