"country","continent","lifeExp","pop","gdpPercap"
"181","1",43.828,181,974.5803384
"315","2",76.423,315,5937.029526
"264","3",72.301,264,6223.367465
"149","4",42.731,149,4797.231267
"102","5",75.32,102,12779.37964
"74","6",81.235,74,34435.36744
"44","7",79.829,44,36126.4927
"30","8",75.635,30,29796.04834
"15","9",64.062,15,1391.253792
"3","10",79.441,3,33692.60508
"4","11",56.728,4,1441.284873
"2","12",65.554,2,3822.137084

